id,speaker
0,MAHH0
1,MLBC0
2,MAFM0
3,MCDR0
4,MMDM1
5,MFER0
6,MTAT0
7,MKCH0
8,MRMH0
9,MSVS0
10,FJRP1
11,MPAM1
12,MTJG0
13,MTAS0
14,MRRE0
15,FTMG0
16,MRJB1
17,MCXM0
18,MRMG0
19,MKLT0
20,FKMS0
21,MJRG0
22,FJCS0
23,FMKC0
24,FMMH0
25,FBAS0
26,MSRG0
27,FLMK0
28,MCDC0
29,MTLC0
30,MTAT1
31,MRKM0
32,MJMP0
33,MJFH0
34,MAEB0
35,MPMB0
36,FJLG0
37,MRDD0
38,FSSB0
39,MHIT0
40,MLJC0
41,MJAC0
42,FRLL0
43,MDWD0
44,MWVW0
45,MTDT0
46,FSMS1
47,FEAC0
48,FCEG0
49,MRAI0
50,MFXS0
51,FPAF0
52,MMSM0
53,MJAI0
54,FPAD0
55,FNTB0
56,MAKR0
57,MRPC1
58,MRPP0
59,MRAB1
60,FMBG0
61,MCEM0
62,MRMS1
63,MJLS0
64,MKLS0
65,MJMA0
66,FVKB0
67,MMDG0
68,MRAB0
69,MJEB0
70,MRCS0
71,MWAD0
72,MMCC0
73,MWRP0
74,FDJH0
75,FELC0
76,FREH0
77,MDAW1
78,FCKE0
79,FEME0
80,MGAR0
81,MKLN0
82,MDLS0
83,FMAH0
84,FMGD0
85,MBDG0
86,MGJF0
87,FSCN0
88,MMGG0
89,MEAL0
90,MDPK0
91,MSDS0
92,FLJA0
93,MTPR0
94,MSMC0
95,MPGR0
96,FMJF0
97,FCMR0
98,MEDR0
99,MRLR0
100,FMCM0
101,MRSO0
102,MDBP0
103,FJSK0
104,MRSP0
105,MJDE0
106,MVLO0
107,FDTD0
108,MPAB0
109,MJMM0
110,MWEM0
111,FJEN0
112,MCSS0
113,MHXL0
114,MCSH0
115,FEAR0
116,MGAW0
117,MCPM0
118,MMJR0
119,MPFU0
120,MNTW0
121,MABW0
122,MWSB0
123,FLMC0
124,MPRK0
125,FAEM0
126,MDNS0
127,MKCL0
128,MDAC0
129,MMAR0
130,MTLB0
131,MTML0
132,MAKB0
133,FBJL0
134,FJSA0
135,FCAG0
136,MPRB0
137,MSFH1
138,FJRE0
139,MRMB0
140,MTXS0
141,MDHS0
142,MJPG0
143,MTDP0
144,MPPC0
145,FALK0
146,MDSS0
147,MDAC2
148,FRAM1
149,MESJ0
150,MDLM0
151,MPDF0
152,MRKO0
153,FJKL0
154,MDPS0
155,MPCS0
156,MKAG0
157,FJMG0
158,MWJG0
159,MKJO0
160,FLET0
161,MJKR0
162,MDWM0
163,FNLP0
164,FLNH0
165,MNLS0
166,MRLD0
167,MEJL0
168,MRML0
169,MBPM0
170,MRJR0
171,MCLK0
172,MPWM0
173,MDLC2
174,MBMA0
175,FLOD0
176,FCRH0
177,MMDB0
178,FCAU0
179,MSJS1
180,FJLR0
181,MJXA0
182,MJEE0
183,MDLF0
184,MRJM0
185,MJRF0
186,MLEL0
187,MAJC0
188,FSKC0
189,FKLC0
190,MKXL0
191,FDAW0
192,MJBG0
193,MPSW0
194,MVRW0
195,MCEF0
196,FSAH0
197,MARC0
198,MBMA1
199,FKKH0
200,MDLR0
201,MWSH0
202,MFXV0
203,MNET0
204,FECD0
205,MJJJ0
206,FSDJ0
207,MJAE0
208,MLNS0
209,FBLV0
210,MEFG0
211,FSMA0
212,MSTF0
213,FPJF0
214,FMLD0
215,FDRW0
216,MCLM0
217,FBCG1
218,MSAS0
219,MJXL0
220,MCRC0
221,MRTJ0
222,FSAG0
223,MKES0
224,MMGC0
225,FDXW0
226,FMAH1
227,MDEF0
228,FHXS0
229,MJJG0
230,MEWM0
231,FLKD0
232,MJTC0
233,FTBR0
234,MRFK0
235,MKAH0
236,MDAB0
237,MGAF0
238,FJAS0
239,FISB0
240,FSJW0
241,FMKF0
242,MMBS0
243,MSAT0
244,MJRA0
245,MMWS1
246,MMEA0
247,FJXP0
248,FLJG0
249,FGCS0
250,MWCH0
251,MJHI0
252,MKRG0
253,FLAC0
254,MMAB1
255,FREW0
256,MTAB0
257,MSMR0
258,MREH1
259,FEDW0
260,MPEB0
261,FCJF0
262,FDKN0
263,MRLJ1
264,MJBR0
265,MTDB0
266,FAWF0
267,MDPB0
268,MFRM0
269,FPMY0
270,MCEW0
271,MCAE0
272,MDBB0
273,MEGJ0
274,FSLS0
275,MDTB0
276,MGWT0
277,MMGK0
278,FVMH0
279,MBBR0
280,MSEM1
281,MJDH0
282,MDRD0
283,FKDW0
284,MJVW0
285,MJES0
286,FNKL0
287,MTKD0
288,FUTB0
289,MTHC0
290,MJWS0
291,MJDM0
292,MRJM3
293,MMXS0
294,FDAS1
295,FHEW0
296,FPAZ0
297,FDMS0
298,MRFL0
299,MMLM0
300,MPGH0
301,FSMM0
302,MSRR0
303,MRCW0
304,MHMR0
305,MJAR0
306,MGJC0
307,MHRM0
308,MFWK0
309,MJPM0
310,MWRE0
311,FRJB0
312,MJDM1
313,MCTT0
314,FEEH0
315,MRES0
316,MCAL0
317,MRGS0
318,MDWA0
319,MRTK0
320,FSJG0
321,MRGM0
322,MBAR0
323,FLAS0
324,FTLG0
325,MVJH0
326,FKSR0
327,MRDM0
328,MJRH1
329,MSFV0
330,MMWH0
331,MMPM0
332,MFGK0
333,FADG0
334,MRGG0
335,MHBS0
336,MWAC0
337,FCMM0
338,FSKL0
339,MJTH0
340,MSAH1
341,MGRL0
342,MRJS0
343,FPAB1
344,FGMD0
345,FSLB1
346,MZMB0
347,FCRZ0
348,FJHK0
349,MGRP0
350,MMRP0
351,MTPG0
352,MHJB0
353,FPAS0
354,MMWB0
355,MJDA0
356,MHPG0
357,MCTH0
358,MDED0
359,FCDR1
360,FBMH0
361,MKLR0
362,MLIH0
363,MNJM0
364,MRWS1
365,MSES0
366,MDRB0
367,MJWG0
368,FPAC0
369,MRWA0
370,FJSJ0
371,MTKP0
372,MTMR0
373,MPAR0
374,MTJM0
375,MKDB0
376,MRJH0
377,FSJK1
378,FAJW0
379,MMEB0
380,MLJB0
381,MJSR0
382,MMDB1
383,MTEB0
384,MRMS0
385,MREE0
386,MRAV0
387,MDKS0
388,MRAM0
389,FSBK0
390,MRJO0
391,FSGF0
392,FJWB1
393,FBMJ0
394,MRPC0
395,MKDR0
396,MWEW0
397,MKAM0
398,FALR0
399,FPLS0
400,MRJM1
401,MTMN0
402,FMML0
403,MLJH0
404,FJXM0
405,MREW1
406,FLMA0
407,FCAJ0
408,FCMH0
409,MHMG0
410,MWAR0
411,MTER0
412,FDNC0
413,MLNT0
414,FAKS0
415,MJRK0
416,FLTM0
417,MCMJ0
418,MARW0
419,MJWT0
420,FMAF0
421,FHES0
422,FCJS0
423,FJSP0
424,FKLH0
425,MADD0
426,FKFB0
427,FRNG0
428,MRLK0
429,MPRD0
430,MGMM0
431,MDSC0
432,MTCS0
433,FJDM2
434,MGLB0
435,MSDB0
436,MWDK0
437,MDLR1
438,MTRR0
439,MJFC0
440,FDAC1
441,FCMH1
442,FKDE0
443,MMAM0
444,MDVC0
445,MBGT0
446,MTAS1
447,MKLW0
448,FMJU0
449,MTWH1
450,MRHL0
451,MDRM0
452,MJDG0
453,MWBT0
454,FDHC0
455,MTMT0
456,MROA0
457,FDRD1
458,MCDD0
459,MPAM0
460,FSPM0
461,FGJD0
462,FHLM0
463,FNMR0
464,FCMG0
465,FSJS0
466,MCTM0
467,FTAJ0
468,MDLH0
469,FASW0
470,MREB0
471,MDSS1
472,MRRK0
473,MMJB1
474,FCFT0
475,MCTW0
476,FPKT0
477,MMDM2
478,MRBC0
479,FLEH0
480,FEXM0
481,FCAL1
482,MTPP0
483,MDEM0
484,FMJB0
485,MESG0
486,MJFR0
487,MKJL0
488,MDBB1
489,MERS0
490,MBJK0
491,MMDH0
492,FTLH0
493,FLJD0
494,MSLB0
495,MFMC0
496,MJDC0
497,FKAA0
498,MGSL0
499,MPLB0
500,MRCG0
501,MCRE0
502,MBOM0
503,MBTH0
504,MDCD0
505,MJJB0
506,MJEB1
507,FSKP0
508,FLBW0
509,FAPB0
510,MDMT0
511,MMAB0
512,MJRH0
513,MDMA0
514,MILB0
515,MSJK0
516,FJEM0
517,MBWP0
518,MWGR0
519,MRWS0
520,MADC0
521,MKDT0
522,MBJV0
523,MJLN0
524,MBNS0
525,MMVP0
526,FDFB0
527,MEJS0
528,MKLS1
529,FGWR0
530,MTJS0
531,MDLD0
532,MKDD0
533,MBWM0
534,FCYL0
535,MGSH0
536,MDCM0
537,FJRB0
538,FBCH0
539,MAPV0
540,MTQC0
541,MTWH0
542,FGRW0
543,MJSW0
544,MSFH0
545,MKAJ0
546,MMAG0
547,MTJU0
548,FKLC1
549,FGDP0
550,FMEM0
551,MMAA0
552,MTLS0
553,MDAS0
554,MRVG0
555,MRDS0
556,MJRP0
557,MBSB0
558,MDWK0
559,FTBW0
560,MTRC0
561,MRJT0
562,MREM0
563,MLLL0
564,MDSJ0
565,MDDC0
566,MABC0
567,MAEO0
568,FLAG0
569,MSAT1
570,MGAG0
571,MDLC0
572,MGAK0
573,MDHL0
574,MTPF0
575,FSRH0
576,MJPM1
577,MDLC1
578,MBCG0
579,MCMB0
580,MPGL0
581,MDJM0
582,MDWH0
583,MSMS0
584,MTBC0
585,FJWB0
586,MGXP0
587,MCHH0
588,MESD0
589,MRCZ0
590,MMDM0
591,FSEM0
592,MJMD0
593,FETB0
594,MMDS0
595,MBML0
596,MRTC0
597,FJLM0
598,FDMY0
599,FCLT0
600,MGRT0
601,MRLJ0
602,MSDH0
603,MRJM4
604,FLHD0
605,FMPG0
606,MMWS0
607,MJJM0
608,FSXA0
609,FVFB0
610,MDLB0
611,MGES0
612,MTRT0
613,FLKM0
614,MCHL0
615,MRXB0
616,MPGR1
617,MSTK0
618,FSDC0
619,FDML0
620,FGMB0
621,MJLG1
622,MJLB0
623,FSAK0
624,MPRT0
625,MBEF0
626,MCCS0
627,MTAA0
628,MLSH0
629,MAJP0
